id,reg_name,age,registration_date,initial_referrer,preferential_client
55885858,Melissa Hanson,21,2019-10-29,instagram.com,
55885859,Danielle Evans,20,2019-11-08,instagram.com,
55885860,Erika Horton,18,2021-01-27,google.com,
55885861,Nicole Campbell,46,2020-06-21,google.com,
55885862,Jessica Sanchez,64,2020-02-15,massey.com,
55885863,Lisa Davis,53,2019-12-16,google.com,
55885864,Kristy Simmons,60,2020-01-23,google.com,1.0
55885865,Lindsey Mccann,78,2020-07-19,google.com,
55885866,Adam Ibarra,65,2020-01-05,facebook.com,1.0
55885867,Molly Sims,46,2020-01-13,instagram.com,
55885868,Nathan Mata,67,2020-01-21,google.com,
55885869,Eugene Ramirez,55,2021-08-27,facebook.com,1.0
55885870,Cynthia Miller,41,2020-05-06,long.com,
55885871,Shawn Mcpherson,39,2021-02-27,facebook.com,1.0
55885872,Scott Pena,17,2019-12-06,facebook.com,
55885873,Stephanie Huerta,63,2019-10-18,facebook.com,
55885874,Ashley Lopez,63,2019-12-21,facebook.com,1.0
55885875,Leslie Lester,60,2020-08-21,gonzalez-powell.com,
55885876,Sylvia Rosales,60,2021-01-20,google.com,
55885877,Danielle Herrera,24,2020-07-04,facebook.com,
55885878,Daniel Brown,19,2020-12-08,google.com,
55885879,Julie Galloway,56,2020-02-24,instagram.com,
55885880,Douglas Oconnor,36,2020-02-11,jenkins.org,
55885881,Dr. Walter Miller,37,2021-08-04,google.com,
55885882,Janice Smith,78,2019-10-09,facebook.com,
55885883,Mrs. Hannah Burns MD,66,2020-05-16,facebook.com,
55885884,Marc Macias,17,2020-11-22,beard.com,
55885885,Melanie Vang,59,2021-08-13,google.com,
55885886,Nathan Ramos,59,2021-05-06,instagram.com,
55885887,Joel Bennett,60,2019-10-10,facebook.com,
55885888,Marcia Hatfield,30,2020-05-16,facebook.com,
55885889,Debbie Madden,56,2020-03-24,instagram.com,
55885890,Christopher Smith,79,2019-11-21,facebook.com,
55885891,Emily Holland,16,2020-05-09,edwards.com,
55885892,Cheyenne Miller,50,2020-10-13,instagram.com,
55885893,Joshua Jones,16,2021-01-30,google.com,
55885894,Kelly Johnson,57,2020-07-19,instagram.com,
55885895,Anthony Pearson,62,2021-07-06,google.com,
55885896,Diana Pruitt,30,2021-04-03,google.com,1.0
55885897,Sharon Perez,42,2021-04-08,lynn.com,
55885898,Richard Jenkins Jr.,72,2020-03-01,google.com,
55885899,Amy Kelley,29,2020-04-07,facebook.com,
55885900,Andrea Hall,36,2020-12-11,klein-flores.com,
55885901,Christopher Thomas,33,2021-04-12,facebook.com,
55885902,Dr. Daniel Marsh,38,2020-09-26,haynes.com,
55885903,Elizabeth Colon,57,2020-11-29,facebook.com,1.0
55885904,Julia Hoffman,67,2020-01-17,google.com,
55885905,Michael Murray,31,2021-01-09,reynolds-jackson.org,
55885906,William Taylor,73,2021-07-01,facebook.com,
55885907,Crystal Evans,45,2019-11-30,instagram.com,
55885908,Victoria Merritt,59,2020-11-20,google.com,
55885909,Ian Snyder MD,36,2021-02-10,facebook.com,
55885910,Morgan Lane,30,2021-02-09,instagram.com,
55885911,Adam Molina,23,2020-06-06,google.com,1.0
55885912,Dorothy Smith,39,2020-02-27,facebook.com,
55885913,Alicia Weaver,42,2020-10-19,facebook.com,1.0
55885914,Mark Osborne,33,2021-09-08,facebook.com,1.0
55885915,Kristina Shea,36,2020-11-24,instagram.com,
55885916,Robert Fleming,28,2021-02-03,instagram.com,
55885917,Billy Myers,66,2020-02-08,facebook.com,
55885918,Jonathan Arellano,74,2021-09-05,instagram.com,
55885919,Casey Pena,41,2021-01-08,facebook.com,
55885920,Anne Smith,19,2021-07-29,gonzales.com,
55885921,Kristi Jackson,68,2019-12-26,facebook.com,
55885922,Eric Williams,16,2021-02-01,facebook.com,
55885923,Amber Allen,29,2020-10-05,google.com,
55885924,Heidi Donovan,35,2020-02-12,long-shepard.biz,
55885925,Kelsey Mcbride,49,2021-03-04,instagram.com,
55885926,Ronald Hamilton,19,2020-03-14,google.com,
55885927,Danielle Reynolds,45,2020-10-07,facebook.com,
55885928,Kayla Chaney,25,2020-04-21,instagram.com,
55885929,Charles Schwartz,32,2021-08-20,google.com,
55885930,Jose Hall,40,2019-12-20,facebook.com,
55885931,John Williams,37,2020-01-11,facebook.com,
55885932,Justin Castro,66,2020-08-10,facebook.com,
55885933,Nancy Ortiz,26,2020-05-02,facebook.com,
55885934,Randy Vasquez,79,2021-09-05,google.com,
55885935,Lori Chapman,29,2020-12-04,google.com,
55885936,Evan Wright,47,2020-03-23,instagram.com,
55885937,Barbara Richards,66,2020-08-10,facebook.com,
55885938,Tyler Young,42,2021-04-21,google.com,
55885939,Catherine Clark,34,2021-02-02,google.com,1.0
55885940,Barbara Murray,32,2021-02-15,instagram.com,
55885941,Susan Bowen,49,2021-03-01,instagram.com,
55885942,Barbara Dixon,59,2020-11-28,google.com,
55885943,Katherine Jones,49,2019-12-29,instagram.com,
55885944,Lisa Krause,79,2021-03-14,schmidt.com,
55885945,Terrence Shepard,24,2020-10-12,facebook.com,
55885946,Rachel Booth,29,2020-06-08,google.com,
55885947,Tracy Salazar,47,2020-02-08,facebook.com,
55885948,Kendra Black,62,2021-05-06,instagram.com,
55885949,Daniel Petersen,51,2020-05-31,google.com,
55885950,Casey Ayala,68,2021-02-19,facebook.com,
55885951,Kelly Snyder,58,2021-07-07,google.com,
55885952,Mr. Calvin Bridges,33,2019-11-09,elliott.com,
55885953,Alexandra Young,47,2019-12-16,instagram.com,
55885954,Kelly Austin,29,2020-12-30,instagram.com,
55885955,Christina Santiago,16,2021-04-18,facebook.com,
55885956,Candice Moody,79,2020-10-03,facebook.com,
55885957,Lauren Burton,48,2021-03-11,google.com,
55885958,Anna Brown,70,2021-05-09,instagram.com,
55885959,Toni Fleming,29,2020-11-27,instagram.com,
55885960,Jared Hardin,52,2021-02-03,flynn.info,
55885961,Ronald Thompson,69,2020-08-22,harris.info,1.0
55885962,Matthew Tran,64,2021-01-15,google.com,
55885963,Tammy Haney,41,2021-02-27,facebook.com,
55885964,Tammy Hopkins,55,2021-09-18,beard.info,
55885965,Scott Campbell,41,2020-02-28,google.com,1.0
55885966,Benjamin Johnson,24,2020-04-19,google.com,
55885967,William Koch,60,2021-03-30,facebook.com,1.0
55885968,Kara Huff,34,2020-10-14,instagram.com,
55885969,Robin Clark,18,2020-11-30,google.com,1.0
55885970,Brenda Smith,56,2020-12-09,instagram.com,
55885971,Roger Rogers,79,2020-10-13,google.com,
55885972,Brandy Morales,31,2020-11-30,facebook.com,
55885973,Stephanie Mcdonald,37,2021-02-09,google.com,
55885974,Emma Matthews,25,2019-11-13,facebook.com,
55885975,John Thomas,75,2021-02-07,google.com,
55885976,Anthony Perez,16,2020-10-23,instagram.com,
55885977,Aaron Harris,68,2020-07-15,google.com,1.0
55885978,Anthony Peck,30,2021-04-23,facebook.com,
55885979,Brian Santiago,26,2021-05-23,instagram.com,1.0
55885980,Sandra Wallace,49,2021-08-24,google.com,
55885981,Joseph Johnson,20,2020-01-16,google.com,
55885982,Amy Schneider,66,2020-01-31,google.com,
55885983,Stephanie Osborne,43,2020-01-17,facebook.com,
55885984,Donna Hernandez,74,2020-04-20,smith-murray.net,
55885985,Grant Diaz,73,2019-10-08,facebook.com,
55885986,Kristen Hughes,61,2021-02-02,simmons-weaver.com,
55885987,Adam Barron,38,2021-08-16,instagram.com,
55885988,Calvin Craig,41,2021-08-13,instagram.com,
55885989,Catherine Carter,58,2020-03-16,google.com,1.0
55885990,Richard Miller,20,2021-06-28,zavala.com,
55885991,Frederick Dominguez,41,2020-01-20,facebook.com,
55885992,Brian Clark,68,2020-12-03,instagram.com,
55885993,Vicki Pearson,72,2021-02-22,facebook.com,
55885994,Tracy Murphy,76,2020-07-03,google.com,
55885995,Bradley Taylor,21,2020-10-14,instagram.com,
55885996,Kimberly Chapman,47,2020-10-19,facebook.com,
55885997,Felicia Webb,19,2020-08-17,google.com,1.0
55885998,Norma Perez,71,2021-05-05,instagram.com,
55885999,Danielle Park MD,42,2020-03-20,fisher-barton.com,
55886000,Anthony Stanley,59,2021-01-07,facebook.com,
55886001,Kenneth Trevino,70,2020-01-08,white-koch.biz,1.0
55886002,Scott Marshall,79,2021-05-16,facebook.com,
55886003,Kathleen Jennings,67,2020-04-27,instagram.com,
55886004,Jennifer Richardson,74,2021-03-29,google.com,
55886005,Alexis Burton,67,2021-04-22,google.com,
55886006,Anthony Carpenter,53,2019-11-12,facebook.com,
55886007,Lisa Moore,18,2020-06-30,instagram.com,1.0
55886008,Tamara Brown,35,2021-07-03,google.com,
55886009,Richard Ellis,40,2020-10-03,google.com,
55886010,Danny Robinson,54,2021-02-06,facebook.com,1.0
55886011,Tiffany Nolan,62,2021-06-28,castro.com,
55886012,Suzanne Lawrence,76,2021-07-11,google.com,
55886013,Theresa Mcdaniel,47,2021-05-27,google.com,
55886014,Allison Schmitt,22,2021-09-08,hawkins-parker.com,
55886015,Jennifer Dean,63,2020-10-10,facebook.com,
55886016,Micheal Jimenez,59,2020-09-26,google.com,
55886017,Desiree Merritt,67,2021-07-13,google.com,
55886018,Darryl Simpson,77,2020-11-28,moreno.biz,
55886019,Diane Miles,31,2020-05-31,facebook.com,
55886020,Julie Alexander,71,2021-05-28,google.com,
55886021,Summer Lee,49,2021-01-08,instagram.com,
55886022,Cheryl Long MD,41,2020-12-14,facebook.com,
55886023,Charles Castaneda,58,2019-12-25,google.com,1.0
55886024,Andrew Gomez,37,2021-01-19,facebook.com,
55886025,Riley Khan,68,2021-05-17,google.com,
55886026,Morgan Kim,53,2021-07-08,morrison.org,
55886027,Brittany Gonzalez,44,2020-10-23,instagram.com,
55886028,Leslie Miller,35,2021-05-11,google.com,
55886029,Michael Gomez,29,2020-07-13,facebook.com,
55886030,Danielle Smith,33,2020-10-08,facebook.com,1.0
55886031,Renee Richards,16,2021-05-31,facebook.com,
55886032,Pamela Greer,27,2021-02-08,instagram.com,
55886033,Kevin Wang,23,2020-02-28,instagram.com,
55886034,Randy Medina,63,2020-07-06,facebook.com,1.0
55886035,Deborah Stevens,56,2021-06-03,instagram.com,
55886036,Phillip Pace,66,2020-03-12,allen.com,
55886037,Nichole Munoz,67,2020-05-10,google.com,1.0
55886038,Tonya Green,61,2020-11-22,kim.com,
55886039,Jennifer Duran,73,2020-09-27,facebook.com,1.0
55886040,Teresa Peters,20,2021-01-03,facebook.com,
55886041,Casey Sanders,43,2020-02-14,google.com,
55886042,Patrick Garner,32,2020-05-30,google.com,
55886043,Thomas Stone,64,2021-05-15,instagram.com,
55886044,Cristian Hall,31,2021-08-04,larson.com,
55886045,Diana Trevino,18,2020-01-03,google.com,
55886046,William Spence,59,2019-12-15,google.com,
55886047,Kelsey Reeves,50,2021-08-18,facebook.com,
55886048,Travis Smith,35,2021-07-28,instagram.com,
55886049,Julie Mcdonald,25,2021-09-02,instagram.com,
55886050,Katherine Thompson,38,2021-08-03,manning.com,
55886051,Jennifer Delgado,20,2019-12-26,google.com,
55886052,William Johnson,59,2020-11-22,facebook.com,
55886053,Steven Smith,29,2021-07-18,facebook.com,
55886054,Sarah Burns,79,2019-12-02,bernard-stewart.info,
55886055,Christopher White,73,2019-09-29,facebook.com,
55886056,David Lee,58,2021-01-15,facebook.com,1.0
55886057,Charles Morgan,57,2019-10-08,facebook.com,
55886058,Cassandra Sanchez,77,2020-02-08,instagram.com,1.0
55886059,Jamie Ward,44,2020-05-28,google.com,
55886060,Dr. William Smith,45,2021-04-01,sanders.net,
55886061,Sara Martinez,18,2021-07-14,google.com,
55886062,Emily Lane,71,2020-10-11,google.com,
55886063,Sarah Neal,60,2020-04-26,facebook.com,
55886064,Rhonda Love,44,2020-08-15,facebook.com,
55886065,Ellen Cameron,31,2020-08-27,google.com,
55886066,Michael Hall,69,2021-09-07,instagram.com,
55886067,Brett Shelton,22,2020-06-26,google.com,1.0
55886068,Julie Jones,65,2019-12-22,facebook.com,
55886069,Charles Myers,71,2020-01-21,google.com,
55886070,James Jimenez,39,2019-10-24,instagram.com,
55886071,Matthew Brown,35,2019-10-22,facebook.com,
55886072,Veronica Jackson,44,2019-10-09,facebook.com,1.0
55886073,Ashley Flores,63,2020-04-21,facebook.com,
55886074,Mike Dunn,28,2019-10-17,google.com,
55886075,Samantha Lopez DDS,65,2019-11-17,davis.com,1.0
55886076,Sarah Yu,24,2020-10-18,facebook.com,
55886077,Lynn Rodgers,57,2020-05-13,villanueva-stuart.com,
55886078,Brenda Roman,77,2020-06-11,instagram.com,
55886079,Michael White,18,2020-06-24,google.com,
55886080,Gary Collier,55,2019-12-01,google.com,
55886081,Carl Taylor,48,2021-04-28,weber-thompson.com,
55886082,Rebekah Preston,61,2020-10-06,instagram.com,
55886083,John Clark,25,2021-03-08,facebook.com,
55886084,Michael Cameron,50,2020-12-16,fields-adams.org,
55886085,Matthew Baker,56,2020-08-21,google.com,
55886086,Anthony Boone,22,2021-05-15,instagram.com,
55886087,William Lee,46,2020-09-07,instagram.com,
55886088,Michael Flores,63,2021-07-13,google.com,
55886089,Thomas Wilson,52,2020-05-08,instagram.com,
55886090,William Johnson,74,2020-06-08,google.com,1.0
55886091,Nathan Torres,75,2021-09-23,instagram.com,
55886092,Jeffrey Garcia,62,2021-05-22,facebook.com,
55886093,Jasmine Ayala,73,2021-09-14,google.com,1.0
55886094,Yolanda Webb,39,2020-09-27,martin.com,
55886095,Marcus Johnson,75,2021-03-22,facebook.com,
55886096,Jeff Powell,69,2019-10-13,instagram.com,
55886097,Shelby Bridges,40,2020-06-19,instagram.com,
55886098,Raymond Gilmore,19,2021-02-12,instagram.com,
55886099,William Carlson,39,2020-08-23,facebook.com,
55886100,David King,19,2020-03-26,instagram.com,
55886101,Kelly Figueroa,53,2020-08-27,instagram.com,
55886102,Julie Smith,40,2020-11-05,instagram.com,
55886103,Michael Gonzalez,39,2021-06-09,instagram.com,
55886104,Nicholas Wilson,78,2020-02-07,google.com,
55886105,Sydney Joseph,54,2021-09-01,facebook.com,
55886106,Brandon Perez,43,2021-03-25,google.com,1.0
55886107,Virginia Bush,27,2021-02-01,facebook.com,
55886108,Margaret Morris,52,2021-05-06,mcdonald-powell.com,1.0
55886109,Kenneth Ramos,26,2020-05-23,facebook.com,
55886110,Sherry Terrell,44,2021-02-27,facebook.com,
55886111,Mitchell Fletcher,79,2021-04-03,facebook.com,
55886112,Kimberly Herring,17,2020-07-30,facebook.com,
55886113,Jennifer Turner,40,2021-01-18,google.com,
55886114,Kevin Nolan,36,2021-06-21,facebook.com,1.0
55886115,Amanda Buck,22,2020-03-05,instagram.com,1.0
55886116,Joseph Bishop,56,2019-10-09,facebook.com,
55886117,Jennifer Avila,29,2019-12-24,google.com,
55886118,Russell Ellis,34,2021-07-10,instagram.com,1.0
55886119,Sarah Payne,73,2020-11-04,instagram.com,
55886120,Wayne Shepard,22,2020-03-19,google.com,
55886121,John Bradford,52,2021-08-04,instagram.com,
55886122,Emily Mckee,73,2019-11-07,google.com,
55886123,Annette Steele,53,2020-07-19,facebook.com,
55886124,Dana Floyd,32,2021-06-11,white.biz,
55886125,Roger Cooper,45,2021-02-21,instagram.com,
55886126,Christina Olson,76,2021-09-05,facebook.com,1.0
55886127,Timothy Castillo,20,2020-03-29,pitts.com,
55886128,Christopher Stanton,41,2020-05-13,rivera.info,
55886129,Robert Miller,24,2021-02-26,facebook.com,
55886130,Matthew Payne PhD,31,2020-07-19,facebook.com,
55886131,Anita Wilson,71,2020-07-22,instagram.com,
55886132,Dean Payne,37,2019-11-28,facebook.com,
55886133,Eddie Silva,34,2020-04-30,facebook.com,
55886134,Scott Clark,33,2021-03-26,instagram.com,1.0
55886135,Jackson Porter,21,2020-09-07,google.com,1.0
55886136,Jamie Flynn,71,2019-10-18,instagram.com,
55886137,Lauren Turner,58,2021-04-04,google.com,
55886138,Jeanette Rodriguez,33,2020-09-19,instagram.com,
55886139,Jonathon Jacobs,34,2020-01-06,google.com,
55886140,Steven Watkins,79,2020-11-18,instagram.com,
55886141,Jeffery Lewis,64,2020-04-29,google.com,
55886142,Elizabeth Young,78,2020-01-11,google.com,
55886143,Lauren Holt,47,2020-10-09,instagram.com,
55886144,Lisa Curry,54,2019-11-16,facebook.com,
55886145,Robert Cruz,39,2021-04-15,facebook.com,
55886146,James Mendoza,39,2021-01-18,hardin-perez.info,
55886147,Craig Myers,17,2020-07-07,google.com,
55886148,John Martin,68,2021-02-05,facebook.com,
55886149,Brittany Hunter,20,2021-08-27,facebook.com,
55886150,Sue Fischer,34,2020-09-27,instagram.com,
55886151,Jamie Ramirez,74,2021-09-02,instagram.com,
55886152,Robert Atkins,53,2020-12-04,facebook.com,
55886153,Brenda Lang,29,2020-03-03,google.com,
55886154,Jodi Ryan,72,2021-09-11,instagram.com,
55886155,Benjamin Hill,72,2019-10-26,instagram.com,1.0
55886156,Candace Fox,53,2019-09-29,instagram.com,
55886157,Angie Taylor,59,2019-11-10,facebook.com,
55886158,Christopher Fernandez,51,2020-03-09,instagram.com,1.0
55886159,Laurie Johnson,52,2019-10-08,instagram.com,
55886160,Emily Martinez,60,2021-01-30,facebook.com,
55886161,Jennifer Bridges,27,2020-12-23,instagram.com,
55886162,Melissa Christensen,21,2020-01-26,facebook.com,
55886163,Stephanie Long,20,2021-03-05,instagram.com,
55886164,Jennifer Mercer,65,2020-12-18,google.com,
55886165,Eric Howell,59,2021-09-20,ball-wilson.com,
55886166,Kevin Davis,51,2020-06-05,google.com,
55886167,Robert Berry,55,2021-06-24,facebook.com,
55886168,Lucas Adkins,56,2020-09-17,google.com,
55886169,Daniel Mclean,48,2019-10-03,google.com,
55886170,Rose Alvarez,54,2020-09-10,facebook.com,
55886171,Samantha Wolfe,18,2021-01-15,google.com,1.0
55886172,Kristen Stewart,67,2020-10-11,instagram.com,
55886173,Allison Nash,48,2020-08-14,mcmillan-manning.biz,
55886174,Gary Morris,61,2019-11-13,instagram.com,
55886175,Jill Young,79,2020-04-26,google.com,
55886176,Corey Duncan,25,2019-11-29,instagram.com,1.0
55886177,Alex Smith,67,2020-11-20,instagram.com,1.0
55886178,Christopher Nielsen,26,2021-06-12,instagram.com,
55886179,Michael Allen,46,2019-10-02,google.com,
55886180,Monica Duncan,16,2020-09-16,instagram.com,1.0
55886181,Jeff Miller,40,2021-04-11,facebook.com,
55886182,Aaron Perez,67,2019-10-04,facebook.com,
55886183,Morgan Cabrera,32,2021-05-26,google.com,
55886184,Brittany Williams,43,2020-08-12,diaz-mccoy.com,
55886185,Danielle Wright,64,2020-11-12,facebook.com,1.0
55886186,Jason Vaughn,50,2019-10-02,instagram.com,
55886187,Rebecca Carr,66,2020-07-22,facebook.com,
55886188,Gregory Hall,69,2021-06-24,google.com,
55886189,Lisa Freeman,36,2021-08-07,facebook.com,
55886190,Michael Patrick,52,2021-01-26,facebook.com,
55886191,Mr. Philip Morales,21,2020-01-24,google.com,
55886192,Cody White,58,2019-10-06,vega-mccall.info,
55886193,Christopher Webster,77,2021-07-24,google.com,
55886194,Lindsay Smith,29,2020-12-19,facebook.com,
55886195,Laurie Aguilar,25,2019-10-19,google.com,
55886196,Robert Bennett,38,2019-10-09,instagram.com,
55886197,Jason Gray,61,2020-06-05,facebook.com,
55886198,Jordan Perez,50,2021-08-12,miller.info,1.0
55886199,Sharon Sullivan,69,2021-03-13,google.com,
55886200,Stephen Larson,57,2020-04-09,instagram.com,1.0
55886201,Edward Andrade,40,2021-06-10,wolf.com,
55886202,Dawn Rush,57,2019-12-17,facebook.com,1.0
55886203,Janet Palmer,55,2020-06-02,google.com,1.0
55886204,Jennifer Arnold,25,2020-11-20,facebook.com,
55886205,Wayne Welch MD,63,2020-07-06,instagram.com,1.0
55886206,Daniel Sanders,22,2020-08-07,instagram.com,1.0
55886207,Derrick Orr,69,2021-04-14,google.com,
55886208,Ronald Young,20,2020-06-06,google.com,
55886209,Dawn Lopez,65,2020-05-20,instagram.com,
55886210,Rachel Li,22,2021-05-22,powers.com,
55886211,Eric Mitchell,70,2021-03-02,mcdonald-murray.com,1.0
55886212,Craig Steele,38,2021-09-04,instagram.com,1.0
55886213,Randy Glass,32,2020-05-02,smith-sawyer.com,
55886214,Joan Weeks,73,2019-11-03,google.com,
55886215,Derek Thomas,58,2021-09-25,instagram.com,1.0
55886216,Dustin Solis,56,2020-05-18,instagram.com,
55886217,Morgan Smith,16,2020-04-07,facebook.com,
55886218,Michelle Santos,71,2020-07-20,facebook.com,
55886219,Brett Suarez,77,2021-03-24,facebook.com,
55886220,Donna Moore,76,2021-07-19,google.com,
55886221,Ian Gardner,35,2020-02-20,facebook.com,
55886222,Alicia Oneal,66,2021-08-01,davis.com,
55886223,Sandra Murphy,69,2020-07-21,facebook.com,
55886224,Katherine Lee,50,2020-08-07,google.com,
55886225,Brandon Alvarado,66,2021-03-19,instagram.com,
55886226,Anthony Boyd,53,2020-11-05,scott-roberts.com,
55886227,Derrick Martinez,65,2019-09-30,rose.com,
55886228,Laurie Stanley,75,2020-05-03,instagram.com,
55886229,Brittany Watson,42,2020-05-06,matthews-young.com,
55886230,Patricia Nicholson,21,2020-12-13,facebook.com,
55886231,William Martinez,77,2019-10-07,facebook.com,
55886232,Renee Leblanc,41,2020-06-23,tucker-turner.com,
55886233,Ms. Erika Miller,44,2021-04-09,instagram.com,
55886234,Cameron Ramos,18,2021-04-03,facebook.com,
55886235,Jesse Gray,28,2021-04-05,google.com,
55886236,Danielle Smith,47,2021-01-26,facebook.com,
55886237,Danny Figueroa,70,2021-03-24,instagram.com,
55886238,Juan Brown,49,2021-05-10,facebook.com,
55886239,Joshua Franklin,65,2020-08-15,facebook.com,1.0
55886240,Katherine Aguilar,66,2020-06-09,facebook.com,
55886241,Jennifer Franklin,79,2021-06-12,facebook.com,1.0
55886242,Angel Santana,58,2021-02-23,reid.com,
55886243,Tony Callahan,71,2020-05-07,google.com,
55886244,Stacy Burke,58,2020-06-23,facebook.com,
55886245,Russell Daugherty,74,2020-07-14,google.com,
55886246,Daniel Cooper,65,2020-06-11,facebook.com,
55886247,Morgan Taylor,19,2020-04-24,facebook.com,
55886248,Justin Smith,73,2021-06-02,facebook.com,
55886249,Amanda Lewis,56,2021-01-22,instagram.com,
55886250,Victor Cook,17,2021-07-13,instagram.com,
55886251,Michael Day,50,2019-10-20,doyle.biz,
55886252,Sandra Sutton,33,2021-08-12,instagram.com,
55886253,Sandra Mcdowell,61,2020-09-22,instagram.com,
55886254,Kristen Gill,32,2020-02-23,instagram.com,
55886255,Ian Russo,40,2020-05-10,facebook.com,
55886256,Keith Stewart,60,2021-05-27,facebook.com,
55886257,Melissa Bowman,58,2021-06-01,google.com,
55886258,Nicholas Williams,51,2019-12-14,anderson-davis.biz,
55886259,Jennifer Jones,40,2021-02-28,facebook.com,
55886260,James Brooks,68,2021-06-27,facebook.com,
55886261,Joshua Baldwin,39,2020-05-28,stewart-king.info,1.0
55886262,Jean Roberts,36,2020-11-03,google.com,1.0
55886263,Justin Richards,66,2020-02-07,instagram.com,
55886264,Brittany Jacobson,29,2021-05-04,google.com,
55886265,Rachel Green,61,2020-10-25,facebook.com,1.0
55886266,Brian Morrow,50,2020-12-11,instagram.com,
55886267,Kathy Hansen,33,2020-10-15,instagram.com,
55886268,Scott James,76,2021-01-31,instagram.com,
55886269,Brandon Fernandez,78,2020-11-27,instagram.com,
55886270,Krystal Kennedy,73,2020-01-20,instagram.com,1.0
55886271,Earl Burke,31,2021-02-13,phillips-taylor.info,
55886272,Amanda Ramirez,46,2020-08-25,facebook.com,
55886273,Amber Russo,70,2020-04-30,facebook.com,
55886274,Gloria Sutton,63,2020-04-27,facebook.com,
55886275,Cassandra Moyer,57,2020-04-18,google.com,1.0
55886276,Dr. Lisa Taylor MD,71,2020-09-22,facebook.com,
55886277,Brandon West,56,2020-05-12,hutchinson.com,1.0
55886278,Adrian Edwards,47,2021-01-31,instagram.com,
55886279,Michelle Torres,22,2021-02-08,instagram.com,1.0
55886280,Kristina Turner,70,2021-05-13,google.com,
55886281,Kari Wang,33,2020-08-01,instagram.com,1.0
55886282,Brian Delacruz,18,2020-12-01,kelly.com,
55886283,Christopher Rasmussen,59,2020-04-27,facebook.com,
55886284,Jamie Jackson,39,2021-08-21,google.com,
55886285,Wendy Stephens,57,2020-05-30,instagram.com,
55886286,Dr. Sonia Curry,25,2019-11-22,google.com,
55886287,James Brown,44,2020-01-23,instagram.com,
55886288,William Robles,61,2021-03-25,google.com,1.0
55886289,Ernest Pace,25,2020-04-26,facebook.com,
55886290,Anthony Fox,59,2020-09-08,google.com,
55886291,Andrew King,56,2021-01-21,google.com,
55886292,Courtney Gonzalez,20,2019-12-14,google.com,
55886293,Michael Hughes,21,2021-06-18,google.com,1.0
55886294,Michael Ross,62,2021-08-28,google.com,
55886295,Andrea King,61,2020-07-01,ortega-marks.info,
55886296,Sarah Hardy,18,2021-06-11,google.com,
55886297,Jacqueline Baker,43,2019-12-10,google.com,
55886298,Nancy Kim,73,2021-02-08,google.com,
55886299,Lisa Hall,26,2020-12-08,instagram.com,
55886300,Joseph Lynch,34,2019-11-06,facebook.com,
55886301,Robin Maldonado,66,2020-01-31,instagram.com,
55886302,Matthew Miles,53,2020-10-13,google.com,
55886303,Gregory Jacobs,26,2020-04-06,google.com,
55886304,Kelsey Scott,70,2020-01-26,google.com,
55886305,Casey Johnson,73,2019-10-01,instagram.com,1.0
55886306,Kim Dalton,37,2019-11-30,google.com,1.0
55886307,Veronica Levine,54,2020-12-24,instagram.com,
55886308,Gina Perkins,19,2020-06-12,instagram.com,
55886309,Carlos Hughes,72,2021-01-15,facebook.com,
55886310,Amanda Kent,36,2021-09-15,google.com,
55886311,Mark Morrow,52,2021-04-30,facebook.com,1.0
55886312,Veronica White,18,2021-02-12,mckinney-adams.com,1.0
55886313,Darius Padilla,76,2020-02-12,google.com,
55886314,Jacqueline Rodriguez,26,2021-01-09,google.com,
55886315,Carla Jennings,51,2021-03-14,google.com,
55886316,Maria Fritz,51,2021-05-21,instagram.com,
55886317,Joshua Johnson,37,2020-07-28,instagram.com,
55886318,Aaron Gutierrez,59,2020-02-18,instagram.com,1.0
55886319,Timothy Brown,77,2021-09-23,smith.info,
55886320,Pamela White,66,2020-12-16,carr.com,
55886321,Kristen Cruz,58,2020-01-01,instagram.com,
55886322,Brian Chapman,62,2020-01-27,google.com,
55886323,Andrew Randolph,62,2020-04-16,facebook.com,
55886324,Zachary Smith,31,2020-05-30,instagram.com,
55886325,Joseph Turner,30,2021-04-15,google.com,
55886326,Dana Johnson,48,2020-12-17,google.com,
55886327,Michael Mooney,48,2021-05-25,facebook.com,
55886328,Monica Harrison,73,2021-09-20,instagram.com,
55886329,Daniel Marshall,56,2020-12-03,instagram.com,
55886330,Alexa Romero,29,2019-11-12,instagram.com,
55886331,Tonya Johnson,69,2020-04-05,instagram.com,
55886332,Christopher Jefferson,31,2020-01-07,facebook.com,
55886333,Diane Kelly,33,2020-05-08,facebook.com,
55886334,Jeffrey Fernandez,62,2021-05-28,lee-jimenez.com,
55886335,Katie Key,65,2020-02-21,google.com,
55886336,William Chung,40,2021-04-23,facebook.com,
55886337,Susan Cordova,23,2019-12-08,facebook.com,
55886338,Steven Scott,62,2021-08-05,instagram.com,1.0
55886339,Traci Howard,66,2019-09-30,instagram.com,
55886340,Christopher Navarro,20,2020-03-07,instagram.com,
55886341,Anna Dixon,66,2020-03-14,google.com,1.0
55886342,Robert Morton,57,2020-06-19,instagram.com,
55886343,Cody Mendoza,45,2020-09-06,instagram.com,1.0
55886344,Vincent Brown,75,2020-03-02,howard.com,
55886345,Billy Lewis,62,2020-08-10,facebook.com,
55886346,Kelly Fleming,74,2020-07-05,instagram.com,1.0
55886347,Tracy Herrera DVM,79,2020-05-28,google.com,1.0
55886348,Jill Brown,57,2020-09-20,instagram.com,
55886349,Lisa Lynch,62,2020-01-05,google.com,
55886350,Donald Liu,37,2019-11-22,bell-suarez.com,1.0
55886351,Bradley Smith,68,2020-06-11,facebook.com,
55886352,David Carrillo,62,2021-09-09,brown-baker.info,
55886353,Peter Baker,60,2020-03-09,facebook.com,
55886354,Raymond Hall,76,2019-10-05,instagram.com,
55886355,Darrell Diaz,69,2020-08-14,facebook.com,
55886356,Cynthia Larsen,73,2020-07-26,instagram.com,
55886357,Brent Simmons,21,2021-06-19,facebook.com,1.0
55886358,Justin Santana,40,2020-08-27,facebook.com,
55886359,Donna Cooper,64,2020-09-13,instagram.com,
55886360,Veronica Fernandez,46,2021-05-13,brooks.org,
55886361,Sarah Harris,31,2020-02-27,facebook.com,1.0
55886362,David Richardson,65,2021-08-03,facebook.com,
55886363,Charles Clark,19,2021-08-03,google.com,
55886364,Kimberly Ritter,29,2021-07-06,facebook.com,
55886365,Daniel Townsend,18,2021-03-18,facebook.com,
55886366,Scott Reyes,72,2020-04-02,facebook.com,
55886367,Jose Jones,40,2021-01-04,facebook.com,
55886368,Bryan Hernandez,79,2020-01-27,johnson-smith.biz,
55886369,Dana Anderson,60,2020-01-30,google.com,
55886370,Kimberly Ellison,51,2020-04-25,instagram.com,
55886371,Jessica Rodriguez,56,2021-02-23,facebook.com,1.0
55886372,Gordon Johnson,62,2020-06-04,google.com,
55886373,Ryan Martin,20,2021-02-02,instagram.com,
55886374,Cindy Cole,16,2021-07-02,google.com,
55886375,Vincent Lewis,42,2019-09-29,facebook.com,
55886376,Randy Vasquez,38,2020-03-01,facebook.com,
55886377,Patrick Holland,54,2021-06-01,facebook.com,
55886378,Joshua Hudson,66,2020-11-10,nelson-montes.com,
55886379,Diane Lindsey,76,2019-12-01,bailey.com,
55886380,Cindy Davis,70,2020-06-12,google.com,
55886381,Amber Freeman,24,2020-11-18,instagram.com,
55886382,Debbie Hunt,76,2021-07-25,google.com,
55886383,Maxwell Campbell,32,2020-05-09,facebook.com,
55886384,Emily Bryan,23,2020-07-01,facebook.com,
55886385,Carl Dillon,22,2021-03-10,instagram.com,
55886386,Angela Collins,69,2020-01-06,facebook.com,
55886387,Rebecca Jimenez,61,2020-05-15,facebook.com,
55886388,Aaron Kennedy,79,2020-07-31,google.com,
55886389,Mark Nelson,52,2021-09-03,instagram.com,
55886390,Cory Mann,56,2021-09-26,pierce.com,
55886391,Christina Ramos,41,2020-06-10,facebook.com,
55886392,Terry Santos,38,2020-12-26,facebook.com,
55886393,Barbara Harvey,32,2020-12-10,instagram.com,
55886394,Jacqueline Baker,20,2021-02-26,brown.com,
55886395,Michelle Lowe,23,2020-08-21,instagram.com,
55886396,Deborah Rosales,24,2019-10-29,facebook.com,1.0
55886397,James Alexander,47,2020-08-01,williams.info,
55886398,Dennis Welch,75,2019-12-06,facebook.com,
55886399,Christina Smith,21,2021-09-24,instagram.com,
55886400,Holly Moran,18,2019-10-24,google.com,
55886401,Jorge Merritt,34,2020-11-08,facebook.com,
55886402,Henry Johnson,16,2020-05-18,facebook.com,
55886403,Nicole Bartlett,37,2020-02-15,google.com,
55886404,Mary Moody,60,2019-10-17,hart.com,
55886405,Scott Shannon,62,2020-05-10,google.com,
55886406,Hannah Hansen,75,2021-05-09,instagram.com,1.0
55886407,Tiffany Fox,49,2021-02-27,google.com,
55886408,Stephen Dyer,40,2019-10-03,google.com,
55886409,Catherine Wu,42,2019-12-08,facebook.com,1.0
55886410,Lawrence Moore,67,2019-10-07,porter-combs.com,
55886411,Mike Carroll,79,2020-12-25,thompson-brown.info,
55886412,Steven Wagner,20,2020-08-30,google.com,
55886413,Nathaniel Carlson,54,2019-12-13,google.com,
55886414,Tanya Jensen DDS,38,2020-11-02,facebook.com,
55886415,Samantha Lester,47,2020-01-07,facebook.com,1.0
55886416,Anne Strickland,47,2020-08-29,google.com,
55886417,Anthony King III,29,2021-07-26,google.com,
55886418,Jacob Vasquez,49,2020-06-14,velez-bennett.com,1.0
55886419,Elizabeth Morales,66,2021-03-30,facebook.com,
55886420,Heather Singh,23,2021-08-11,google.com,
55886421,David Cervantes,28,2019-12-10,google.com,
55886422,Phillip Lewis,37,2021-01-02,facebook.com,1.0
55886423,Christopher Lopez,54,2020-05-15,facebook.com,
55886424,David Contreras,66,2020-12-12,instagram.com,
55886425,Christopher Hughes DDS,29,2020-03-05,instagram.com,
55886426,Kristi Schroeder,27,2019-10-26,instagram.com,
55886427,Jason Patel,58,2021-04-01,facebook.com,1.0
55886428,Brad Long,67,2021-09-15,instagram.com,
55886429,Kenneth Holt,65,2021-08-12,instagram.com,1.0
55886430,Michelle Lloyd,27,2021-09-27,instagram.com,1.0
55886431,Amy Morrison,25,2020-05-07,instagram.com,
55886432,Julia Larson,73,2019-11-05,instagram.com,
55886433,Cindy Miller,44,2021-05-08,facebook.com,
55886434,Ronald Adkins,36,2021-06-19,facebook.com,1.0
55886435,Gregory King,41,2020-04-23,google.com,
55886436,Paul Ryan,66,2020-08-02,google.com,
55886437,Miranda Melendez,76,2020-12-06,facebook.com,1.0
55886438,Cathy Levy,78,2021-04-28,facebook.com,1.0
55886439,Tiffany Holmes,71,2020-10-20,instagram.com,
55886440,Ryan Weaver,53,2020-05-11,instagram.com,
55886441,Michael Raymond,62,2020-09-05,sanchez.com,1.0
55886442,Whitney Clayton,76,2021-02-01,facebook.com,
55886443,Steven Hines,19,2020-01-31,instagram.com,
55886444,Harry Wells,67,2020-11-23,facebook.com,
55886445,Dylan Mcclain,25,2021-01-28,lyons-cox.com,1.0
55886446,Darren Hernandez,54,2021-03-03,google.com,1.0
55886447,Ebony Singh,61,2020-07-19,google.com,
55886448,Jamie Bray,29,2020-08-28,facebook.com,
55886449,Sarah Green,42,2021-09-01,facebook.com,
55886450,Rebecca Hill,45,2020-04-06,facebook.com,
55886451,Randy Nichols,43,2020-06-16,facebook.com,
55886452,David Rodriguez,61,2020-09-05,google.com,
55886453,Gregory Brown,63,2021-01-14,google.com,
55886454,Mr. Chad Chung,37,2020-08-04,google.com,
55886455,Mark Gilbert,35,2020-12-03,google.com,
55886456,Shelby Rhodes DDS,34,2021-09-05,google.com,1.0
55886457,Paul May,25,2020-05-02,instagram.com,
55886458,Kim Sanchez,54,2019-10-28,instagram.com,1.0
55886459,Madeline Waters,67,2019-10-10,google.com,1.0
55886460,Jacob Smith,64,2020-10-03,instagram.com,
55886461,Steven Harper,25,2020-11-08,facebook.com,
55886462,Betty Gonzales,78,2020-08-23,google.com,
55886463,Amy Baird,63,2019-10-27,google.com,
55886464,Leonard Schroeder,59,2021-05-31,facebook.com,
55886465,Jonathan Simon,66,2020-11-20,facebook.com,1.0
55886466,Amy Nichols,79,2021-05-03,ellis-west.com,
55886467,Jennifer Guzman,26,2020-04-02,instagram.com,
55886468,Jason Roberson,19,2019-11-12,facebook.com,
55886469,Diana Rodriguez,48,2019-12-31,google.com,
55886470,Amanda Jensen,51,2019-10-07,instagram.com,
55886471,Arthur Bailey,33,2020-06-17,instagram.com,
55886472,Sophia Smith,78,2020-01-17,jackson-cole.org,
55886473,Dorothy Adkins,52,2021-07-04,facebook.com,
55886474,Andrea Barton,21,2021-09-24,google.com,
55886475,Mark Lopez,53,2021-06-23,facebook.com,
55886476,Traci Huang,27,2021-05-31,facebook.com,
55886477,Heather Prince,43,2019-12-13,instagram.com,1.0
55886478,Barbara Kelly,67,2021-02-11,facebook.com,
55886479,Kevin Zamora,53,2020-12-15,instagram.com,
55886480,Elizabeth Vang,79,2020-03-30,google.com,
55886481,Kristina Vasquez,54,2019-10-17,facebook.com,
55886482,Joseph Barrett,16,2021-08-15,facebook.com,1.0
55886483,Erin Franklin,40,2019-11-03,instagram.com,1.0
55886484,Edward Parks,55,2021-03-31,instagram.com,
55886485,Levi Ibarra,35,2020-10-03,reilly-mitchell.net,1.0
55886486,Rachael Gonzalez,29,2020-11-15,instagram.com,
55886487,Glen Thompson,40,2020-02-29,facebook.com,
55886488,Jerry Watts,74,2021-03-18,facebook.com,
55886489,Linda Osborne,21,2020-12-26,facebook.com,
55886490,Amy Murphy,20,2021-05-01,facebook.com,
55886491,Elizabeth Khan,40,2021-07-06,facebook.com,1.0
55886492,Katherine Vaughn,43,2019-10-17,facebook.com,
55886493,Robert Fernandez,38,2020-08-14,google.com,
55886494,Kathryn Willis DDS,73,2021-03-25,google.com,
55886495,Janet Alexander,18,2021-02-01,facebook.com,
55886496,Joshua Hill,38,2021-08-25,facebook.com,
55886497,Dwayne Skinner,45,2020-12-03,facebook.com,
55886498,Sheila Smith,40,2019-10-12,google.com,
55886499,Shane Gray,34,2020-10-02,stokes.net,
55886500,Denise Ortiz,58,2020-02-10,instagram.com,
55886501,Kyle Hayes,77,2020-02-29,instagram.com,
55886502,Dustin Hicks,58,2021-08-04,google.com,
55886503,Derek Fernandez,63,2021-09-23,george.com,
55886504,Christopher Rodriguez,25,2021-08-24,google.com,
55886505,Joseph Perry,67,2020-04-29,instagram.com,
55886506,Andrea Coleman,52,2020-04-15,instagram.com,
55886507,Kyle Gutierrez,34,2019-10-26,facebook.com,1.0
55886508,Alicia Jones,29,2020-10-17,google.com,
55886509,Kathryn Todd,63,2021-05-13,instagram.com,
55886510,Luke Williams,52,2020-06-14,google.com,1.0
55886511,Matthew Fritz,67,2020-01-04,google.com,
55886512,Barbara Evans,74,2020-02-07,google.com,
55886513,Summer Best,24,2021-04-19,instagram.com,
55886514,Paul Smith,58,2021-06-03,facebook.com,
55886515,George Moss,59,2019-10-11,instagram.com,
55886516,Susan Henry,69,2020-09-04,instagram.com,1.0
55886517,Tara Gonzales,36,2020-07-27,instagram.com,1.0
55886518,Lawrence Kramer,26,2020-01-20,instagram.com,1.0
55886519,Elizabeth Patton,25,2020-04-27,facebook.com,1.0
55886520,Tammy George,30,2021-05-25,facebook.com,
55886521,Sarah Nguyen,34,2020-07-27,instagram.com,
55886522,Jennifer Perez,29,2021-07-23,jordan-ortiz.biz,
55886523,Diana Lopez,36,2021-04-27,instagram.com,1.0
55886524,Kristin Taylor,18,2020-07-11,facebook.com,1.0
55886525,David Archer,31,2020-01-17,daniels-greer.net,
55886526,Kelli Mcbride,17,2019-12-10,brown-smith.biz,
55886527,Lisa Miranda,24,2019-10-28,google.com,
55886528,Jenna Combs,28,2020-04-11,mitchell-medina.com,
55886529,Kathleen Edwards,74,2020-10-21,google.com,
55886530,Felicia Hernandez,47,2021-08-12,facebook.com,
55886531,Holly Ball,21,2021-03-06,instagram.com,
55886532,Amanda Adams,74,2019-10-28,instagram.com,1.0
55886533,Kaitlyn Sharp,61,2021-09-06,cunningham.com,
55886534,Stephanie Warren,31,2020-03-09,google.com,
55886535,Maria Anderson,32,2020-11-10,instagram.com,1.0
55886536,Connie Patterson,62,2021-06-19,instagram.com,
55886537,Melissa Harris,23,2020-03-07,instagram.com,
55886538,Mr. Gabriel Rodriguez,66,2020-01-08,facebook.com,
55886539,Ashley Brown,74,2020-09-20,facebook.com,
55886540,David Martin,40,2020-07-17,facebook.com,
55886541,Krista Hanson,54,2021-03-26,facebook.com,
55886542,Henry Wolfe,59,2020-06-28,green.info,
55886543,Cheryl Rose,79,2020-11-01,facebook.com,
55886544,Destiny Johnson,58,2020-05-02,facebook.com,
55886545,Robert Johnston,44,2021-04-23,barnes.info,
55886546,Kristina Pineda,52,2021-03-14,instagram.com,1.0
55886547,Ryan Hoover,16,2020-04-07,instagram.com,1.0
55886548,Taylor Patton DDS,77,2019-10-21,instagram.com,
55886549,Caroline Mcmillan,43,2020-06-28,bennett.net,
55886550,Jason Dudley,44,2020-08-20,facebook.com,
55886551,Michael Merritt,46,2020-07-15,instagram.com,
55886552,Vanessa Williams,64,2021-06-11,facebook.com,
55886553,Kathy King,38,2020-02-05,google.com,
55886554,Steven Walsh,31,2020-04-21,google.com,1.0
55886555,Gina Aguilar,44,2021-04-27,facebook.com,
55886556,Jaime James,78,2020-09-19,facebook.com,1.0
55886557,Valerie Scott,42,2020-02-09,garrett.com,
55886558,Patrick Walker,16,2021-03-04,duncan.com,
55886559,Mckenzie Ramirez,67,2021-05-07,roman.com,
55886560,Nicole Cooley,52,2020-08-12,google.com,
55886561,Victoria Rios,68,2020-03-02,facebook.com,
55886562,Bryan Solis,78,2021-03-23,facebook.com,
55886563,Kaitlin Joseph,32,2020-05-12,walker.info,
55886564,Amanda Roy,38,2020-08-01,benson.com,
55886565,Lisa Obrien,64,2021-02-15,wise.com,
55886566,Chris Flowers,76,2021-08-03,google.com,
55886567,Kevin Dunn,62,2020-04-11,google.com,1.0
55886568,Michelle White,33,2019-12-23,google.com,
55886569,Jimmy Garcia,76,2020-09-11,facebook.com,
55886570,Thomas Norris,16,2021-04-05,google.com,1.0
55886571,Amanda Vega,38,2021-09-12,google.com,
55886572,Rebecca Diaz,74,2020-10-24,google.com,
55886573,Christopher Moran,62,2020-05-02,facebook.com,
55886574,William Miller DVM,64,2020-09-15,google.com,1.0
55886575,Jordan Lewis,32,2020-01-23,holt.info,
55886576,Seth Wheeler,29,2021-06-06,instagram.com,
55886577,Tiffany Jones,59,2020-02-17,google.com,
55886578,Tom Johnston,35,2020-01-02,diaz.org,1.0
55886579,Shaun Zimmerman,17,2021-01-13,google.com,1.0
55886580,Sean Hayes,17,2019-12-21,instagram.com,
55886581,Tracy Young,44,2020-08-13,davis.info,
55886582,Kristen Montgomery,63,2021-04-21,google.com,
55886583,Dylan Mcfarland,56,2021-06-22,facebook.com,
55886584,Patrick Garcia MD,27,2020-09-14,facebook.com,
55886585,Deborah Ali,17,2020-10-03,google.com,
55886586,Calvin Johnson,62,2020-08-23,facebook.com,
55886587,Sonia Baker,41,2020-07-20,instagram.com,
55886588,Benjamin Dean,44,2020-05-21,carpenter.com,
55886589,Deborah Key,50,2021-08-06,instagram.com,
55886590,Taylor Gomez,20,2020-05-11,google.com,
55886591,Brooke Cochran,40,2020-08-11,google.com,
55886592,Kaitlyn Williams,63,2019-12-15,instagram.com,
55886593,Shawn King,58,2020-12-14,google.com,1.0
55886594,Scott Holmes,78,2019-10-01,instagram.com,
55886595,Brian Miller,77,2021-04-23,facebook.com,
55886596,Mitchell Fernandez,63,2020-03-30,instagram.com,1.0
55886597,Clayton Williams MD,57,2020-05-23,google.com,
55886598,Taylor Robinson,34,2019-11-06,facebook.com,
55886599,Christine Abbott,16,2021-01-10,facebook.com,
55886600,Justin Brown,63,2019-11-11,instagram.com,1.0
55886601,Bradley Becker,24,2020-11-28,google.com,
55886602,Thomas Hunter,60,2020-01-13,instagram.com,
55886603,James Navarro,38,2021-07-23,google.com,
55886604,William Obrien,40,2019-10-15,facebook.com,
55886605,Leslie Wilcox,54,2020-03-08,facebook.com,
55886606,Michelle Thompson,22,2020-04-02,instagram.com,
55886607,Margaret Morgan,57,2020-07-21,facebook.com,
55886608,David Pitts,79,2019-12-31,google.com,
55886609,Patrick Mcclain,78,2021-03-24,instagram.com,1.0
55886610,Sheri Lynch,24,2020-02-04,google.com,
55886611,James Howe,71,2020-10-30,torres-martinez.biz,1.0
55886612,Ashlee Garcia,77,2020-08-26,facebook.com,
55886613,Alicia Burke,49,2021-05-23,google.com,
55886614,Rebecca Kane,23,2019-12-22,instagram.com,1.0
55886615,Brian Le,69,2020-12-18,instagram.com,
55886616,Edward Jones,33,2021-08-27,morgan-ellis.com,1.0
55886617,Eric Wells,49,2020-01-10,hull.com,
55886618,Alison Mcmillan,45,2020-01-08,instagram.com,
55886619,Jesse Beasley,62,2019-11-03,google.com,
55886620,James Johns,37,2020-11-11,instagram.com,
55886621,Robert Soto,62,2021-08-10,instagram.com,
55886622,Alex Huang,68,2021-03-07,facebook.com,1.0
55886623,Hannah Cooper,63,2021-06-16,house-davis.biz,1.0
55886624,Michael Long,18,2021-09-15,google.com,
55886625,Alicia Mays,68,2020-04-17,instagram.com,
55886626,Amanda Hamilton,56,2021-02-16,lopez.com,
55886627,Paula Lutz,79,2019-10-26,facebook.com,
55886628,John Howard,34,2021-04-17,instagram.com,
55886629,Leslie Baker,60,2020-11-24,google.com,1.0
55886630,Alejandro Sullivan,63,2021-06-02,instagram.com,
55886631,Mark Dillon,18,2021-06-21,google.com,
55886632,Tabitha Smith,62,2020-06-16,google.com,
55886633,Stephanie Lambert,50,2020-08-26,barry.com,
55886634,Julie Reeves,75,2020-07-26,instagram.com,
55886635,Mark Rhodes,19,2020-12-23,google.com,
55886636,Vicki Castro,62,2020-02-07,facebook.com,
55886637,Erik Foster,23,2020-07-06,google.com,
55886638,Erin Graham,31,2020-04-15,facebook.com,
55886639,Angela Macdonald,70,2020-05-21,google.com,
55886640,Rebecca Miller,33,2020-08-12,instagram.com,
55886641,Theresa Harrington,37,2020-05-18,instagram.com,
55886642,Alexis Hoffman,50,2019-10-12,facebook.com,
55886643,Sean Brooks,67,2020-05-07,instagram.com,
55886644,Kendra Campbell,27,2021-04-05,facebook.com,
55886645,Troy Anderson,57,2020-06-04,instagram.com,
55886646,Felicia Madden,36,2021-03-13,facebook.com,
55886647,Kristin Chan,71,2021-02-20,google.com,
55886648,Joseph Giles,58,2019-12-08,instagram.com,1.0
55886649,John Valenzuela,76,2020-01-15,facebook.com,
55886650,Isaac Schwartz,31,2020-09-10,lane.com,
55886651,Debra Horton,69,2020-03-06,instagram.com,
55886652,Richard Kirk,57,2020-05-28,facebook.com,
55886653,Matthew Gallegos,46,2021-05-19,henry.com,
55886654,Brandi Rivera,60,2020-03-10,facebook.com,
55886655,John Alvarez,20,2020-12-22,google.com,
55886656,Connor Berger,45,2019-10-28,google.com,
55886657,Heather Craig,55,2019-11-28,facebook.com,
55886658,Denise Hopkins,60,2020-09-12,instagram.com,
55886659,Candice Miller,45,2019-11-13,instagram.com,
55886660,Rachel Ewing,54,2020-02-03,martinez.info,
55886661,Daniel Bailey,22,2020-05-21,facebook.com,1.0
55886662,Charles Barber,73,2020-11-05,instagram.com,1.0
55886663,Kevin Dickerson,67,2020-12-18,instagram.com,
55886664,Holly Gomez,40,2020-09-11,google.com,
55886665,Christopher Barnett,73,2021-04-29,google.com,
55886666,Leonard Brown,73,2021-06-01,facebook.com,
55886667,Jennifer Alvarado,33,2020-05-18,google.com,1.0
55886668,Christine Mcclain,45,2020-09-27,instagram.com,1.0
55886669,Dana Sutton,36,2020-07-10,walsh.info,1.0
55886670,Daniel Floyd,55,2021-02-10,instagram.com,
55886671,Justin George,69,2020-02-10,faulkner.org,
55886672,Patricia Davis,60,2021-07-20,google.com,
55886673,Barbara Lucas,43,2020-03-03,google.com,
55886674,Ashley Hill,16,2021-01-19,holmes.biz,
55886675,Meghan Gutierrez,23,2021-01-23,rose.biz,1.0
55886676,John Gentry,51,2019-12-11,facebook.com,
55886677,Holly Wagner,44,2020-10-18,instagram.com,1.0
55886678,Kelli Woodward,51,2021-02-22,instagram.com,1.0
55886679,Theresa Nguyen,49,2020-08-24,martinez.com,
55886680,Isaac Allen,51,2020-01-31,lewis.org,
55886681,Robert Cooper,72,2020-03-24,facebook.com,
55886682,Jamie Smith,18,2019-12-15,google.com,1.0
55886683,Samantha Suarez,50,2020-11-25,instagram.com,
55886684,Yvonne White,71,2020-07-05,facebook.com,
55886685,Clinton James,18,2019-12-26,rios.com,
55886686,Seth Scott,50,2021-07-12,instagram.com,
55886687,Alyssa Gibson,65,2019-10-31,facebook.com,1.0
55886688,Jose White Jr.,67,2020-10-01,google.com,
55886689,Patrick Smith,40,2019-10-24,instagram.com,
55886690,Miss Lauren Blanchard DDS,31,2020-07-24,instagram.com,
55886691,Austin White,44,2021-09-23,facebook.com,
55886692,Lori Green,51,2021-09-19,wallace-flores.com,
55886693,Stephen Simmons,33,2020-04-30,murphy.net,
55886694,Karla Johnson,64,2019-12-04,instagram.com,
55886695,Dana Castro,65,2020-03-15,google.com,
55886696,Ms. Katherine Turner,64,2021-02-19,facebook.com,
55886697,Catherine White,64,2020-05-12,facebook.com,1.0
55886698,Abigail Cabrera,54,2020-07-29,google.com,
55886699,Allison Lynch,73,2020-10-14,instagram.com,
55886700,Katherine Johnson,21,2021-02-04,google.com,
55886701,Stacey Wilson,19,2020-01-02,google.com,
55886702,Nicholas Anderson,40,2020-11-06,facebook.com,
55886703,Jacob Newman,38,2021-01-23,instagram.com,
55886704,Keith Calhoun,74,2020-02-13,instagram.com,
55886705,Benjamin Nelson,46,2020-08-24,facebook.com,1.0
55886706,Colton Crawford,47,2021-03-19,facebook.com,
55886707,Scott Murphy,36,2020-09-29,garcia.com,
55886708,Natasha Hernandez,40,2020-11-13,google.com,
55886709,Haley Hood,70,2021-02-03,instagram.com,
55886710,Rebecca Rodriguez,59,2019-12-17,google.com,
55886711,Heather Evans,58,2020-08-02,google.com,
55886712,Calvin Hammond,42,2021-07-23,martin.biz,
55886713,Diana Pineda,35,2021-03-08,stafford.com,
55886714,Sarah Davis,17,2020-08-23,instagram.com,
55886715,Paul Mcclain,22,2020-09-03,facebook.com,
55886716,Rebecca Cross,35,2020-08-18,instagram.com,
55886717,Robert Reyes,24,2021-03-16,google.com,
55886718,Cynthia Cox,27,2021-01-25,facebook.com,
55886719,Bradley Perkins,16,2020-11-16,google.com,
55886720,Heidi Evans,58,2021-07-15,facebook.com,
55886721,Sandra White,55,2019-11-11,carlson-bradley.com,
55886722,Joseph Sutton,42,2019-12-09,facebook.com,
55886723,Karen Moody,37,2019-12-08,simpson-smith.com,
55886724,Amanda Sandoval,55,2019-12-27,taylor-simpson.com,
55886725,Danielle Andrews,25,2021-06-24,facebook.com,
55886726,Jessica Welch,56,2019-11-09,facebook.com,1.0
55886727,Edward Mcbride,51,2020-09-08,castaneda.com,
55886728,Maria Black,52,2020-08-06,facebook.com,1.0
55886729,Richard Bryant,20,2020-11-22,google.com,
55886730,Jill Acevedo,25,2019-11-07,instagram.com,
55886731,Patricia Nelson,67,2020-01-26,google.com,
55886732,Richard Lopez,70,2020-10-13,google.com,
55886733,Robin Mann,26,2020-05-13,townsend.com,
55886734,Aaron Schmitt IV,50,2021-01-07,instagram.com,
55886735,Valerie Mcguire,58,2021-05-28,williams.net,
55886736,Amy Cox PhD,48,2020-03-06,instagram.com,1.0
55886737,Pamela Martinez,59,2021-01-06,instagram.com,
55886738,Tasha Thompson,63,2021-05-24,facebook.com,
55886739,Jason Taylor,48,2021-06-11,google.com,
55886740,Brian Flores,65,2021-01-27,facebook.com,1.0
55886741,Jade Duke,67,2021-07-13,instagram.com,
55886742,Kayla Romero,75,2021-06-22,instagram.com,
55886743,Joshua Ellison,27,2021-01-16,instagram.com,
55886744,Jasmine Gray,71,2020-02-17,facebook.com,
55886745,Eric Evans,65,2020-09-24,facebook.com,
55886746,Craig Miller,45,2020-05-03,instagram.com,
55886747,Joshua Morrison,66,2020-08-08,google.com,
55886748,Duane Brown,31,2021-03-04,facebook.com,
55886749,Patrick Cole,66,2020-01-24,facebook.com,
55886750,Robert Bates,53,2021-01-07,instagram.com,
55886751,Chelsey Bradford,46,2019-10-04,facebook.com,
55886752,Jane Moore,78,2020-10-24,google.com,
55886753,Donna Acosta,42,2021-05-06,instagram.com,
55886754,Margaret Mills,24,2020-08-02,instagram.com,
55886755,Pamela Thomas,22,2019-11-26,payne.com,
55886756,Sharon Fox,61,2021-05-06,instagram.com,
55886757,Dana Callahan,61,2021-03-07,google.com,1.0
55886758,Michael Peck,34,2020-02-24,instagram.com,1.0
55886759,Gina Marshall,34,2021-09-16,chapman.com,
55886760,James Edwards,26,2019-10-31,google.com,1.0
55886761,Sara Curtis,71,2021-02-20,google.com,
55886762,Christopher Zimmerman,73,2020-08-26,gonzalez-kennedy.com,
55886763,Daniel Cohen,64,2020-07-01,google.com,
55886764,Lisa Smith,78,2021-04-20,facebook.com,
55886765,Jim Flores,76,2020-01-07,facebook.com,
55886766,Angela Baker,41,2019-11-29,instagram.com,
55886767,Justin Barrera,25,2020-08-29,google.com,1.0
55886768,Derek Huffman,36,2020-05-26,google.com,
55886769,Troy Green,28,2020-07-03,facebook.com,
55886770,Katie Brown,47,2020-06-09,google.com,
55886771,Nicholas Young,41,2020-12-10,google.com,
55886772,Jared Lee,63,2019-10-19,instagram.com,
55886773,Carl Moore,56,2020-12-27,wall.com,
55886774,Susan Perez,20,2020-10-05,instagram.com,
55886775,Brian Herrera,50,2019-10-01,lee.org,
55886776,Sharon Moore,29,2019-11-13,instagram.com,
55886777,Selena Smith,79,2021-06-29,google.com,
55886778,Kristen Howard,31,2020-10-30,facebook.com,
55886779,Kyle Walsh,79,2021-05-04,google.com,1.0
55886780,Benjamin Huffman,60,2020-01-16,peterson.com,
55886781,Cassandra Torres,31,2020-06-25,facebook.com,
55886782,Amy Roberts,65,2019-10-04,instagram.com,
55886783,Jacqueline Norris,78,2020-04-17,facebook.com,
55886784,Stephen Patel,35,2021-07-03,facebook.com,
55886785,Kimberly Johns,66,2021-03-29,google.com,
55886786,James Clay,41,2019-12-04,google.com,
55886787,Marcus Wood,63,2019-12-29,facebook.com,1.0
55886788,Julie Carter,39,2021-07-02,google.com,1.0
55886789,Marcia Lyons,55,2020-03-14,google.com,
55886790,Rachel Andrews,34,2021-01-25,google.com,
55886791,Paul Myers,23,2021-07-22,google.com,
55886792,Christopher Moore,21,2020-01-18,instagram.com,
55886793,Joseph Allen,28,2020-05-12,instagram.com,1.0
55886794,Shane Hinton,16,2021-03-20,facebook.com,
55886795,Jeffrey Ross,75,2020-12-10,facebook.com,1.0
55886796,Mary Moore,60,2021-09-23,instagram.com,
55886797,Mary Glenn,64,2021-03-07,butler.info,
55886798,James Johnson,38,2020-06-24,facebook.com,
55886799,Sean Hooper,25,2021-06-15,instagram.com,
55886800,Lance Smith,59,2020-09-16,google.com,
55886801,Mrs. Sabrina Brown,44,2020-07-30,strickland.com,
55886802,David Gonzalez,75,2020-03-24,instagram.com,1.0
55886803,Dr. Monica Wilkinson,75,2020-06-07,google.com,
55886804,Joseph Wood,79,2020-09-11,google.com,
55886805,Amber Ramirez,21,2021-05-03,google.com,
55886806,Patricia Thompson,32,2020-03-07,facebook.com,
55886807,Jessica Daugherty,18,2020-08-31,google.com,
55886808,Mark Powers,46,2021-05-29,google.com,
55886809,Peter Anderson,63,2021-01-15,facebook.com,1.0
55886810,Jamie Salazar,48,2021-05-28,google.com,
55886811,Randy King,60,2021-09-02,cowan-rogers.net,
55886812,Alice Collins,77,2021-04-24,google.com,
55886813,Jessica Potter,19,2021-01-30,instagram.com,
55886814,Oscar Elliott,40,2020-08-27,instagram.com,
55886815,Robert Johnson,24,2020-07-04,instagram.com,
55886816,Rebecca Hawkins,23,2020-07-07,google.com,
55886817,Kristy Rice,75,2020-05-22,facebook.com,
55886818,Jillian Warren,49,2020-09-23,instagram.com,
55886819,Thomas Woods,74,2019-11-16,facebook.com,
55886820,Brittany Dudley,57,2021-06-07,google.com,
55886821,Matthew Harris,74,2020-12-20,google.com,
55886822,Sarah Byrd,77,2019-10-31,google.com,
55886823,Eric Barnett,20,2020-11-10,instagram.com,
55886824,Jonathan Ellis,32,2020-02-17,facebook.com,
55886825,Karen Brown,34,2020-09-28,facebook.com,
55886826,Daniel Wilson,31,2021-09-07,google.com,
55886827,Victoria Petersen,37,2019-11-28,facebook.com,1.0
55886828,Crystal Dyer,47,2020-06-20,facebook.com,
55886829,Rodney Smith,49,2020-12-15,cabrera.net,
55886830,Jeff Odonnell,52,2021-05-07,facebook.com,
55886831,Andrea Jones,52,2021-07-26,facebook.com,
55886832,Jeffrey Perez,19,2020-02-28,google.com,
55886833,Kenneth Cochran,78,2021-04-05,facebook.com,
55886834,Melissa Lyons,71,2021-01-04,instagram.com,
55886835,Jennifer Parsons,44,2019-11-12,facebook.com,
55886836,Carla Frey,74,2020-07-02,google.com,
55886837,Karina Jensen,49,2020-05-25,facebook.com,
55886838,Cynthia Alexander,62,2021-01-10,google.com,
55886839,Cory Mills,55,2021-05-29,facebook.com,
55886840,Sandra Anderson,73,2020-09-21,instagram.com,
55886841,Christine Nelson,72,2020-04-11,google.com,
55886842,Amanda Thompson,55,2021-06-15,facebook.com,1.0
55886843,Karen Martinez,66,2021-02-24,instagram.com,
55886844,Amanda Thompson,76,2021-07-31,instagram.com,
55886845,Jonathan Gordon,74,2020-12-23,martin-ewing.org,
55886846,Joseph Jones,65,2021-03-06,instagram.com,
55886847,Amy Griffith,54,2019-10-16,vaughan.net,
55886848,Christopher Thomas,68,2019-11-12,instagram.com,1.0
55886849,Sarah Lynch,67,2020-08-30,instagram.com,
55886850,Anne Vaughan,32,2020-09-08,facebook.com,
55886851,Michael Williams,61,2020-10-06,facebook.com,
55886852,Jill Mcdonald,60,2020-06-26,simpson.com,
55886853,Mr. Devon Williams,27,2020-08-14,gallegos.com,
55886854,Terri Duncan,77,2021-05-22,google.com,
55886855,Mary Johnson,39,2021-02-23,google.com,
55886856,Sydney Taylor,56,2020-06-10,facebook.com,1.0
55886857,Stephen Farmer,75,2020-08-22,google.com,
